Ticker,Direction,Qty,Entry Price,Open Time,Exit Price,Close Time,Commission
GBPUSD,Long,0.32,1.34400,2026-05-04 10:34:34,1.34756,2026-05-06 10:46:08,2.24
BTCUSD,Short,0.144,113455.02,2026-05-04 11:09:56,114773.42,2026-05-08 20:49:27,19.72
XAUUSD,Short,0.38,3430.01,2026-05-04 04:15:29,3436.66,2026-05-04 04:58:29,2.66
USDJPY,Long,0.83,146.809,2026-05-05 14:16:21,145.995,2026-05-11 10:41:48,5.81
XAUUSD,Short,0.23,3427.20,2026-05-05 09:56:35,3436.35,2026-05-05 10:20:35,1.61
GCM6,Long,1,3440.4,2026-05-07 10:08:07,3434.2,2026-05-11 05:11:35,4.50
ETHUSD,Long,9.21,4320.53,2026-05-07 09:00:04,4402.83,2026-05-07 09:24:04,48.21
MNQM6,Short,2,23548.00,2026-05-07 03:06:40,23397.25,2026-05-07 03:20:40,2.48
CLM6,Short,1,65.92,2026-05-08 08:56:37,66.28,2026-05-08 09:09:37,4.50
TSLA,Short,72,419.87,2026-05-08 14:04:17,421.43,2026-05-08 14:48:17,2.00
GBPUSD,Long,1.11,1.34234,2026-05-11 05:29:03,1.34150,2026-05-11 05:41:03,7.77
ESM6,Long,1,6515.25,2026-05-11 05:04:42,6532.75,2026-05-11 05:07:42,4.50
TSLA,Long,55,415.70,2026-05-11 15:10:28,411.02,2026-05-11 15:51:28,2.00
MESM6,Long,6,6502.50,2026-05-12 14:08:00,6525.50,2026-05-12 14:16:00,7.44
EURUSD,Long,0.5,1.16649,2026-05-13 10:55:41,1.16352,2026-05-18 07:31:10,3.50
TSLA,Long,81,406.51,2026-05-13 13:53:42,414.72,2026-05-13 15:17:42,2.00
TSLA,Long,90,408.89,2026-05-14 10:05:32,407.36,2026-05-14 10:45:32,2.00
ETHUSD,Long,9.46,4260.35,2026-05-14 05:43:50,4296.60,2026-05-14 06:04:50,48.57
AAPL,Long,306,234.66,2026-05-14 14:28:06,233.88,2026-05-14 14:51:06,3.06
USDJPY,Long,1.49,146.539,2026-05-15 03:43:24,146.359,2026-05-15 03:56:24,10.43
MESM6,Long,2,6499.00,2026-05-15 06:18:51,6470.25,2026-05-18 06:07:54,2.48
TSLA,Long,99,404.79,2026-05-18 13:07:21,402.52,2026-05-18 14:14:21,2.00
MNQM6,Long,1,23536.50,2026-05-19 05:58:27,23410.75,2026-05-22 11:06:41,1.24
ESM6,Long,1,6507.25,2026-05-20 09:25:18,6515.00,2026-05-20 10:56:18,4.50
NVDA,Short,101,178.64,2026-05-21 09:42:12,173.16,2026-05-25 12:02:22,2.00
BTCUSD,Short,0.396,113120.75,2026-05-21 10:24:14,114001.01,2026-05-21 10:36:14,53.96
TSLA,Long,30,403.12,2026-05-21 09:52:47,399.61,2026-05-22 10:44:51,2.00
BTCUSD,Short,0.171,112617.40,2026-05-22 06:38:37,114431.80,2026-05-24 21:42:42,23.30
EURUSD,Short,1.6,1.16309,2026-05-22 07:28:43,1.16170,2026-05-22 07:36:43,11.20
XAUUSD,Short,0.17,3422.27,2026-05-22 11:08:37,3411.40,2026-05-22 11:33:37,1.19
GCM6,Long,1,3455.6,2026-05-22 03:42:26,3452.7,2026-05-22 04:34:26,4.50
BTCUSD,Long,0.307,112160.58,2026-05-25 02:08:39,111737.07,2026-05-25 04:44:39,41.24
BTCUSD,Long,0.372,111103.31,2026-05-26 19:07:07,110434.44,2026-05-26 20:30:07,49.45
MNQM6,Long,3,23507.75,2026-05-26 07:19:43,23612.75,2026-05-26 08:30:43,3.72
NVDA,Long,220,181.98,2026-05-26 12:46:26,185.37,2026-05-26 12:54:26,2.20
AAPL,Long,260,237.27,2026-05-27 11:03:12,239.68,2026-05-27 11:28:12,2.60
MNQM6,Short,2,23428.75,2026-05-27 05:17:49,23476.75,2026-05-27 05:22:49,2.48
TSLA,Long,59,401.46,2026-05-27 10:08:37,398.32,2026-05-27 10:16:37,2.00
CLM6,Long,1,66.19,2026-05-28 06:12:21,66.87,2026-05-28 07:41:21,4.50
CLM6,Long,1,66.88,2026-05-29 15:12:46,69.07,2026-06-03 14:58:55,4.50
ETHUSD,Short,6.46,4288.74,2026-05-29 21:23:43,4242.81,2026-05-29 21:33:43,33.07
EURUSD,Short,1.66,1.16322,2026-05-29 14:48:55,1.15967,2026-05-29 15:12:55,11.62
EURUSD,Short,0.4,1.16892,2026-06-01 05:06:53,1.16706,2026-06-01 05:10:53,2.80
EURUSD,Short,0.4,1.16892,2026-06-01 05:06:53,1.16687,2026-06-01 05:14:53,2.80
EURUSD,Short,0.42,1.16892,2026-06-01 05:06:53,1.16675,2026-06-01 05:18:53,2.94
GBPUSD,Long,0.87,1.34713,2026-06-01 08:51:01,1.34609,2026-06-01 10:42:01,6.09
TSLA,Short,66,401.44,2026-06-01 10:01:49,394.55,2026-06-01 10:35:49,2.00
NVDA,Long,206,182.22,2026-06-01 10:50:08,184.45,2026-06-01 11:02:08,2.06
AAPL,Short,316,236.17,2026-06-01 15:40:04,234.29,2026-06-01 15:59:00,3.16
TSLA,Short,74,415.49,2026-06-04 10:09:26,419.39,2026-06-04 10:23:26,2.00
TSLA,Short,83,407.28,2026-06-05 14:03:00,402.77,2026-06-05 14:23:00,2.00
TSLA,Long,96,398.89,2026-06-08 09:46:22,396.79,2026-06-08 11:42:22,2.00
AAPL,Long,138,236.99,2026-06-09 11:10:45,234.28,2026-06-10 09:40:59,2.00
TSLA,Short,82,390.71,2026-06-10 15:23:11,393.91,2026-06-10 15:51:11,2.00
ESM6,Long,1,6539.25,2026-06-10 05:11:08,6532.50,2026-06-10 05:27:08,4.50
XAUUSD,Short,0.4,3426.28,2026-06-10 04:10:43,3412.84,2026-06-10 04:35:43,2.80
ESM6,Long,1,6516.75,2026-06-10 14:41:38,6513.00,2026-06-10 14:49:38,4.50
MNQM6,Short,2,23496.25,2026-06-11 07:42:36,23439.25,2026-06-11 16:46:36,2.48
XAUUSD,Short,0.32,3408.82,2026-06-11 13:15:23,3389.43,2026-06-11 13:31:23,2.24
TSLA,Short,27,392.85,2026-06-11 09:53:45,386.12,2026-06-11 10:00:45,2.00
TSLA,Short,28,392.85,2026-06-11 09:53:45,385.51,2026-06-11 10:07:45,2.00
USDJPY,Long,0.7,146.485,2026-06-11 12:23:52,145.782,2026-06-15 08:46:59,4.90
GCQ6,Long,1,3454.8,2026-06-12 03:52:30,3452.6,2026-06-12 05:13:30,4.50
ETHUSD,Short,1.83,4265.39,2026-06-12 09:26:16,4079.99,2026-06-13 07:34:10,9.16
GBPUSD,Long,1.06,1.34368,2026-06-12 11:19:03,1.34271,2026-06-12 11:32:03,7.42
GBPUSD,Long,1.04,1.33755,2026-06-15 13:41:19,1.33615,2026-06-15 13:53:19,7.28
BTCUSD,Short,0.23,110468.41,2026-06-15 05:59:23,108929.63,2026-06-15 06:23:23,30.28
XAUUSD,Short,0.09,3424.00,2026-06-15 03:25:37,3413.94,2026-06-15 03:28:37,0.63
XAUUSD,Short,0.09,3424.00,2026-06-15 03:25:37,3413.31,2026-06-15 03:31:37,0.63
EURUSD,Short,1.19,1.16808,2026-06-16 08:12:33,1.16550,2026-06-16 08:40:33,8.33
MNQU6,Long,1,23404.75,2026-06-16 12:05:53,23537.50,2026-06-16 13:00:53,1.24
MESU6,Long,1,6482.75,2026-06-16 06:33:31,6472.50,2026-06-22 07:10:21,1.24
CLN6,Long,1,66.49,2026-06-16 04:58:39,66.79,2026-06-16 06:04:39,4.50
BTCUSD,Long,0.292,110906.59,2026-06-16 15:50:17,110605.32,2026-06-16 16:14:17,38.81
BTCUSD,Short,0.082,110405.92,2026-06-17 06:39:22,105467.10,2026-06-21 23:08:04,10.62
MNQU6,Long,2,23317.25,2026-06-18 05:49:24,23422.50,2026-06-18 06:11:24,2.48
USDJPY,Long,1.43,146.024,2026-06-18 06:35:49,146.509,2026-06-18 06:45:49,10.01
ETHUSD,Short,1.03,4316.16,2026-06-18 09:31:05,4179.19,2026-06-20 01:56:58,5.25
ETHUSD,Short,1.03,4316.16,2026-06-18 09:31:05,4178.11,2026-06-21 18:22:51,5.25
ETHUSD,Short,1.05,4316.16,2026-06-18 09:31:05,4169.37,2026-06-23 10:48:44,5.35
TSLA,Long,27,391.10,2026-06-18 10:40:42,413.09,2026-06-23 12:14:45,2.00
GBPUSD,Long,1.41,1.34027,2026-06-19 04:15:33,1.34630,2026-06-19 04:29:33,9.87
MESU6,Short,5,6464.00,2026-06-22 07:58:25,6475.75,2026-06-22 08:13:25,6.20
MNQU6,Long,2,23274.00,2026-06-22 06:34:12,23199.75,2026-06-22 06:42:12,2.48
ESU6,Short,1,6501.25,2026-06-22 09:41:29,6514.75,2026-06-22 10:10:29,4.50
EURUSD,Short,0.87,1.17022,2026-06-23 12:43:15,1.17242,2026-06-23 12:48:15,6.09
BTCUSD,Long,0.418,108948.06,2026-06-23 14:19:49,109824.91,2026-06-23 14:52:49,54.87
TSLA,Short,43,399.81,2026-06-24 10:01:22,404.26,2026-06-24 10:31:22,2.00
TSLA,Short,33,398.36,2026-06-24 12:25:35,407.86,2026-06-29 10:34:40,2.00
BTCUSD,Short,0.328,108509.37,2026-06-24 17:21:40,107865.88,2026-06-24 17:58:40,42.58
USDJPY,Long,0.95,146.052,2026-06-25 08:15:43,146.307,2026-06-25 08:20:13,6.65
USDJPY,Long,0.95,146.052,2026-06-25 08:15:43,146.391,2026-06-25 08:24:43,6.65
BTCUSD,Long,0.283,109034.92,2026-06-25 01:01:36,110895.31,2026-06-25 03:30:36,37.34
CLN6,Long,1,66.74,2026-06-25 14:04:25,67.04,2026-06-25 16:44:25,4.50
BTCUSD,Short,0.145,110422.38,2026-06-26 14:12:34,105897.85,2026-06-30 20:32:30,18.82
USDJPY,Short,0.79,146.075,2026-06-29 05:46:20,146.844,2026-07-03 03:42:39,5.53
TSLA,Long,53,394.17,2026-06-29 10:46:58,396.93,2026-06-29 11:07:58,2.00
MNQU6,Short,2,23288.25,2026-06-29 06:22:06,23358.50,2026-06-29 09:47:06,2.48
XAUUSD,Long,0.37,3426.74,2026-06-29 04:59:00,3433.73,2026-06-29 05:32:00,2.59
NVDA,Short,74,181.76,2026-06-29 12:17:26,182.64,2026-06-29 12:27:06,2.00
NVDA,Short,74,181.76,2026-06-29 12:17:26,182.74,2026-06-29 12:36:46,2.00
NVDA,Short,76,181.76,2026-06-29 12:17:26,182.50,2026-06-29 12:46:26,2.00
TSLA,Long,71,392.87,2026-07-01 12:29:37,389.76,2026-07-01 12:35:37,2.00
XAUUSD,Long,0.14,3403.87,2026-07-02 08:03:11,3379.50,2026-07-03 06:28:59,0.98
ETHUSD,Long,9.11,4206.34,2026-07-02 07:48:51,4171.29,2026-07-02 08:33:51,45.79
TSLA,Long,24,401.14,2026-07-02 13:47:28,407.86,2026-07-02 14:31:18,2.00
TSLA,Long,24,401.14,2026-07-02 13:47:28,409.32,2026-07-02 15:15:09,2.00
TSLA,Long,24,401.14,2026-07-02 13:47:28,409.41,2026-07-02 15:59:00,2.00
TSLA,Short,97,404.68,2026-07-03 10:06:17,401.11,2026-07-03 10:25:17,2.00
ETHUSD,Long,4.63,4217.99,2026-07-03 08:37:57,4260.54,2026-07-03 08:50:57,23.55
BTCUSD,Long,0.51,109673.87,2026-07-03 16:51:54,109161.99,2026-07-03 17:10:54,66.96
USDJPY,Long,0.88,146.564,2026-07-07 12:26:29,146.324,2026-07-07 13:05:29,6.16
TSLA,Long,65,407.49,2026-07-07 09:39:02,410.67,2026-07-07 10:01:02,2.00
USDJPY,Long,1,146.404,2026-07-08 06:07:04,146.158,2026-07-08 06:41:04,7.00
TSLA,Short,40,420.95,2026-07-08 12:04:53,412.62,2026-07-08 12:19:53,2.00
TSLA,Short,52,436.92,2026-07-09 13:46:55,428.31,2026-07-09 14:14:55,2.00
MNQU6,Long,2,23238.50,2026-07-09 04:32:02,23193.25,2026-07-09 04:43:02,2.48
USDJPY,Long,1.4,146.500,2026-07-09 04:04:41,146.391,2026-07-09 04:28:41,9.80
CLQ6,Long,1,66.62,2026-07-10 07:59:52,65.96,2026-07-15 10:18:50,4.50
AAPL,Long,360,237.57,2026-07-10 09:32:03,236.44,2026-07-10 10:13:03,3.60
TSLA,Long,15,439.26,2026-07-13 12:15:36,429.60,2026-07-16 12:06:03,2.00
GBPUSD,Long,0.28,1.33535,2026-07-14 04:30:12,1.33261,2026-07-14 04:44:52,1.96
GBPUSD,Long,0.28,1.33535,2026-07-14 04:30:12,1.33297,2026-07-14 04:59:32,1.96
GBPUSD,Long,0.28,1.33535,2026-07-14 04:30:12,1.33329,2026-07-14 05:14:12,1.96
XAUUSD,Short,0.21,3385.26,2026-07-14 05:18:36,3371.78,2026-07-14 05:38:36,1.47
MESU6,Short,1,6472.75,2026-07-14 04:13:05,6462.25,2026-07-14 04:17:25,1.24
MESU6,Short,1,6472.75,2026-07-14 04:13:05,6461.50,2026-07-14 04:21:45,1.24
MESU6,Short,3,6472.75,2026-07-14 04:13:05,6461.00,2026-07-14 04:26:05,3.72
ETHUSD,Long,7.82,4184.04,2026-07-14 06:49:11,4263.21,2026-07-14 07:01:11,39.63
AAPL,Long,192,236.35,2026-07-15 11:23:27,236.99,2026-07-15 11:55:27,2.00
MNQU6,Short,2,23239.00,2026-07-15 13:45:23,23299.00,2026-07-15 14:21:23,2.48
GBPUSD,Long,1.42,1.33197,2026-07-15 06:44:27,1.33815,2026-07-15 06:51:27,9.94
NVDA,Short,292,183.09,2026-07-15 09:38:06,183.72,2026-07-15 10:27:06,2.92
EURUSD,Long,0.5,1.17150,2026-07-17 08:26:31,1.17431,2026-07-17 08:33:31,3.50
EURUSD,Long,0.5,1.17150,2026-07-17 08:26:31,1.17438,2026-07-17 08:40:31,3.50
EURUSD,Long,0.51,1.17150,2026-07-17 08:26:31,1.17480,2026-07-17 08:47:31,3.57
TSLA,Long,41,440.15,2026-07-17 11:13:47,445.14,2026-07-17 11:22:47,2.00
MNQU6,Long,3,23161.50,2026-07-17 13:36:24,23121.25,2026-07-17 14:00:24,3.72
TSLA,Long,59,434.46,2026-07-20 09:59:12,438.45,2026-07-20 10:10:12,2.00
EURUSD,Short,2.17,1.16680,2026-07-20 09:55:38,1.16797,2026-07-20 10:22:38,15.19
TSLA,Long,74,436.44,2026-07-21 11:02:33,434.12,2026-07-21 14:13:33,2.00
TSLA,Short,75,435.56,2026-07-21 15:16:41,438.72,2026-07-21 15:59:00,2.00
NVDA,Short,281,184.55,2026-07-21 15:01:56,182.92,2026-07-21 15:33:56,2.81
TSLA,Long,46,449.40,2026-07-23 09:41:48,446.98,2026-07-23 10:45:48,2.00
AAPL,Short,164,237.27,2026-07-24 09:36:57,235.68,2026-07-24 09:51:57,2.00
TSLA,Long,68,465.37,2026-07-27 09:40:32,462.80,2026-07-27 10:56:32,2.00
BTCUSD,Short,0.492,109071.24,2026-07-27 01:23:25,107278.45,2026-07-27 01:29:25,63.87
ETHUSD,Short,9.75,4196.54,2026-07-29 19:41:01,4174.68,2026-07-29 19:45:01,48.97
CLQ6,Short,1,66.57,2026-07-29 09:48:33,66.72,2026-07-29 10:09:33,4.50
TSLA,Short,69,467.36,2026-07-29 10:06:11,459.11,2026-07-29 10:24:11,2.00
XAUUSD,Long,0.14,3375.08,2026-07-29 07:13:53,3363.72,2026-07-29 07:20:53,0.98
XAUUSD,Long,0.14,3375.08,2026-07-29 07:13:53,3361.63,2026-07-29 07:27:53,0.98
XAUUSD,Long,0.15,3375.08,2026-07-29 07:13:53,3364.67,2026-07-29 07:34:53,1.05
TSLA,Long,39,464.19,2026-07-30 15:14:32,470.40,2026-07-30 15:48:32,2.00
USDJPY,Short,1.14,147.034,2026-07-31 13:56:37,146.817,2026-07-31 14:07:37,7.98
TSLA,Long,75,457.60,2026-08-03 10:47:17,455.91,2026-08-03 11:01:17,2.00
AAPL,Long,259,236.78,2026-08-03 12:49:15,236.32,2026-08-03 12:55:15,2.59
CLU6,Long,1,66.81,2026-08-03 08:42:27,68.13,2026-08-10 07:44:13,4.50
ESU6,Short,1,6508.50,2026-08-04 09:13:02,6512.75,2026-08-04 09:21:02,4.50
MESU6,Long,2,6460.25,2026-08-05 15:17:32,6540.50,2026-08-11 15:10:32,2.48
XAUUSD,Short,0.1,3376.82,2026-08-06 13:34:14,3384.56,2026-08-06 13:53:14,0.70
XAUUSD,Short,0.1,3376.82,2026-08-06 13:34:14,3385.36,2026-08-06 14:12:14,0.70
XAUUSD,Short,0.11,3376.82,2026-08-06 13:34:14,3382.41,2026-08-06 14:31:14,0.77
ETHUSD,Long,9.4,4207.34,2026-08-07 05:13:59,4253.80,2026-08-07 05:42:59,47.72
MNQU6,Long,1,23161.75,2026-08-10 11:29:53,23207.50,2026-08-10 11:37:23,1.24
MNQU6,Long,2,23161.75,2026-08-10 11:29:53,23220.00,2026-08-10 11:44:53,2.48
TSLA,Long,75,460.75,2026-08-10 12:33:22,472.55,2026-08-10 13:05:22,2.00
ESU6,Long,1,6500.00,2026-08-10 14:15:24,6486.00,2026-08-10 18:24:24,4.50
XAUUSD,Long,0.32,3374.38,2026-08-10 07:19:57,3385.53,2026-08-10 07:25:57,2.24
TSLA,Long,42,468.41,2026-08-12 10:36:04,466.01,2026-08-12 10:57:04,2.00
ESU6,Long,1,6510.75,2026-08-12 13:23:41,6524.75,2026-08-12 13:42:41,4.50
TSLA,Long,34,473.84,2026-08-13 10:59:00,484.11,2026-08-13 11:15:00,2.00
BTCUSD,Short,0.268,109209.51,2026-08-14 15:46:44,109926.17,2026-08-14 16:41:44,35.24
TSLA,Short,49,478.03,2026-08-14 14:49:14,471.03,2026-08-14 15:09:14,2.00
ESU6,Long,1,6490.25,2026-08-14 06:02:49,6503.75,2026-08-14 07:46:49,4.50
BTCUSD,Short,0.148,110780.63,2026-08-17 20:18:21,109145.38,2026-08-22 21:58:00,19.53
TSLA,Short,27,481.74,2026-08-18 10:35:39,485.64,2026-08-18 10:36:59,2.00
TSLA,Short,27,481.74,2026-08-18 10:35:39,486.82,2026-08-18 10:38:19,2.00
TSLA,Short,28,481.74,2026-08-18 10:35:39,485.28,2026-08-18 10:39:39,2.00
TSLA,Short,34,475.27,2026-08-18 11:13:12,480.68,2026-08-18 11:44:12,2.00
TSLA,Long,69,464.99,2026-08-19 13:21:10,461.61,2026-08-19 13:36:10,2.00
GBPUSD,Long,0.73,1.33519,2026-08-21 03:03:39,1.33398,2026-08-21 03:58:09,5.11
GBPUSD,Long,0.73,1.33519,2026-08-21 03:03:39,1.33424,2026-08-21 04:52:39,5.11
TSLA,Short,17,464.90,2026-08-21 12:08:30,471.90,2026-08-25 11:02:19,2.00
TSLA,Short,7,470.64,2026-08-25 15:39:23,465.91,2026-08-27 13:58:04,2.00
TSLA,Short,7,470.64,2026-08-25 15:39:23,465.50,2026-08-29 12:16:46,2.00
TSLA,Short,9,470.64,2026-08-25 15:39:23,464.18,2026-08-31 10:35:28,2.00
AAPL,Short,353,239.76,2026-08-26 15:29:50,240.36,2026-08-26 15:58:50,3.53
CLU6,Long,1,66.64,2026-08-27 03:05:06,68.26,2026-09-02 12:51:50,4.50
NVDA,Short,255,182.86,2026-08-28 12:35:50,181.93,2026-08-28 13:09:50,2.55
GCV6,Long,1,3452.8,2026-08-28 09:50:29,3448.4,2026-08-28 11:02:29,4.50
XAUUSD,Long,0.23,3368.86,2026-08-31 09:08:26,3378.53,2026-08-31 09:53:26,1.61
TSLA,Long,41,473.45,2026-08-31 13:31:55,482.89,2026-08-31 13:41:55,2.00
TSLA,Long,41,473.45,2026-08-31 13:31:55,483.29,2026-08-31 13:51:55,2.00
TSLA,Long,50,467.42,2026-09-03 10:58:40,472.57,2026-09-03 11:04:40,2.00
EURUSD,Short,0.33,1.16595,2026-09-04 03:38:46,1.16335,2026-09-04 03:42:26,2.31
EURUSD,Short,0.33,1.16595,2026-09-04 03:38:46,1.16337,2026-09-04 03:46:06,2.31
EURUSD,Short,0.35,1.16595,2026-09-04 03:38:46,1.16313,2026-09-04 03:49:46,2.45
XAUUSD,Short,0.2,3350.13,2026-09-04 12:18:55,3338.09,2026-09-04 12:53:55,1.40
TSLA,Short,66,478.78,2026-09-04 10:35:40,481.48,2026-09-04 10:49:40,2.00
NVDA,Long,299,181.77,2026-09-04 12:44:57,180.99,2026-09-04 13:50:57,2.99
CLV6,Long,1,66.68,2026-09-07 12:21:40,66.27,2026-09-07 12:24:40,4.50
TSLA,Short,48,479.95,2026-09-07 13:39:38,476.04,2026-09-07 14:13:38,2.00
GBPUSD,Long,0.53,1.33413,2026-09-07 06:52:37,1.33176,2026-09-07 07:03:37,3.71
GBPUSD,Long,0.53,1.33413,2026-09-07 06:52:37,1.33164,2026-09-07 07:14:37,3.71
GBPUSD,Long,0.53,1.33413,2026-09-07 06:52:37,1.33251,2026-09-07 07:25:37,3.71
MESU6,Long,5,6466.50,2026-09-09 09:41:16,6456.25,2026-09-09 09:48:16,6.20
MNQU6,Short,1,23141.25,2026-09-09 06:19:25,23278.25,2026-09-10 05:28:04,1.24
USDJPY,Long,1.47,147.100,2026-09-09 07:03:08,147.501,2026-09-09 07:14:08,10.29
MESU6,Short,3,6446.00,2026-09-10 07:38:37,6456.25,2026-09-10 07:43:37,3.72
TSLA,Long,7,484.66,2026-09-10 09:44:32,472.75,2026-09-12 02:06:38,2.00
TSLA,Long,7,484.66,2026-09-10 09:44:32,472.03,2026-09-13 18:28:44,2.00
TSLA,Long,7,484.66,2026-09-10 09:44:32,473.57,2026-09-15 10:50:50,2.00
ESU6,Long,1,6489.00,2026-09-10 13:46:03,6477.00,2026-09-10 13:54:03,4.50
BTCUSD,Long,0.329,111901.77,2026-09-10 04:37:52,112837.76,2026-09-10 04:53:52,44.36
GBPUSD,Long,0.74,1.33726,2026-09-11 14:17:25,1.33918,2026-09-11 14:34:25,5.18
TSLA,Long,42,478.12,2026-09-16 11:48:24,474.06,2026-09-16 12:00:24,2.00
EURUSD,Long,1.7,1.16727,2026-09-17 14:46:52,1.17009,2026-09-17 15:03:52,11.90
TSLA,Short,61,482.17,2026-09-17 10:56:54,485.73,2026-09-17 11:02:54,2.00
MNQZ6,Long,2,23234.75,2026-09-18 09:24:13,23322.25,2026-09-18 11:32:13,2.48
TSLA,Long,70,482.37,2026-09-18 12:24:27,477.24,2026-09-18 13:10:27,2.00
BTCUSD,Long,0.389,113954.62,2026-09-20 10:03:42,115920.60,2026-09-20 10:34:42,53.65
TSLA,Short,22,489.68,2026-09-21 11:47:30,495.74,2026-09-21 11:58:30,2.00
TSLA,Short,23,489.68,2026-09-21 11:47:30,494.19,2026-09-21 12:09:30,2.00
TSLA,Short,45,487.39,2026-09-21 13:57:15,480.40,2026-09-21 14:21:15,2.00
NVDA,Long,252,183.52,2026-09-22 14:27:59,186.02,2026-09-22 15:59:00,2.52
MNQZ6,Long,2,23290.25,2026-09-22 03:27:21,23252.25,2026-09-22 03:49:21,2.48
ETHUSD,Short,1.2,4161.20,2026-09-23 13:18:15,3916.35,2026-09-23 21:46:28,5.82
ETHUSD,Short,1.2,4161.20,2026-09-23 13:18:15,3931.35,2026-09-24 06:14:41,5.83
ETHUSD,Short,1.2,4161.20,2026-09-23 13:18:15,3916.34,2026-09-24 14:42:54,5.82
USDJPY,Short,0.77,147.130,2026-09-23 04:50:13,147.401,2026-09-29 05:58:10,5.39
CLV6,Long,1,66.33,2026-09-24 03:37:31,66.58,2026-09-24 05:20:31,4.50
EURUSD,Long,1.29,1.16422,2026-09-24 03:35:05,1.16845,2026-09-24 03:58:05,9.03
NVDA,Short,26,183.62,2026-09-24 11:09:11,187.11,2026-09-26 12:48:51,2.00
NVDA,Short,26,183.62,2026-09-24 11:09:11,187.07,2026-09-28 14:28:31,2.00
MNQZ6,Long,1,23326.25,2026-09-24 09:16:39,23555.50,2026-09-28 11:27:42,1.24
EURUSD,Short,1.19,1.16518,2026-09-25 13:25:48,1.16213,2026-09-25 13:43:48,8.33
BTCUSD,Short,0.292,114199.15,2026-09-26 14:16:42,114783.89,2026-09-26 16:15:42,40.12
BTCUSD,Short,0.38,116267.04,2026-09-27 06:56:42,117193.05,2026-09-27 07:04:42,53.23
AAPL,Long,296,240.79,2026-09-28 15:01:34,239.53,2026-09-28 15:30:34,2.96
ESZ6,Long,1,6488.75,2026-09-29 03:29:32,6511.75,2026-09-29 03:55:32,4.50
XAUUSD,Long,0.22,3353.56,2026-09-30 08:55:18,3346.47,2026-09-30 09:09:18,1.54
ESZ6,Long,1,6500.50,2026-09-30 10:14:19,6517.00,2026-09-30 14:22:19,4.50
TSLA,Long,100,452.18,2026-10-01 10:12:44,,,1.00
ETHUSD,Short,2,4385.50,2026-10-01 15:03:10,,,5.26
